--Insert dữ liệu khách hàng
USE QuanLyGara
INSERT INTO KHACHHANG (TENKH, DIACHI, DIENTHOAI, EMAIL)
VALUES (N'Nguyễn Văn A', N'123 Lê Đức Thọ', '0902456789', 'nguyenvana@gmail.com')

INSERT INTO KHACHHANG (TENKH, DIACHI, DIENTHOAI, EMAIL)
VALUES (N'Lê Hoài Vũ', N'130 Kha Vạn Cân', '0902456123', 'lehoaivu@gmail.com')

INSERT INTO KHACHHANG (TENKH, DIACHI, DIENTHOAI, EMAIL)
VALUES (N'Nguyễn Minh Huy', N'12 Võ Văn Ngân', '0942456789', 'nguyenvanhuy@gmail.com')

INSERT INTO KHACHHANG (TENKH, DIACHI, DIENTHOAI, EMAIL)
VALUES (N'Nguyễn Văn Tuấn', N'19 Lê Văn Việt', '0982456789', 'nguyenvantuan@gmail.com')

INSERT INTO KHACHHANG (TENKH, DIACHI, DIENTHOAI, EMAIL)
VALUES (N'Lê Thị Tố Quyên', N'121 Lý Thái Tổ', '0942123789', 'lethitoquyen@gmail.com')

INSERT INTO KHACHHANG (TENKH, DIACHI, DIENTHOAI, EMAIL)
VALUES (N'Nguyễn Trung Hiếu', N'256 Quang Trung ', '0902456789', 'nguyentrunghieu@gmail.com')

INSERT INTO KHACHHANG (TENKH, DIACHI, DIENTHOAI, EMAIL)
VALUES (N'Phan Anh Khoa', N'195 Nguyễn Thái Sơn', '0901231000', 'phananhkhoa@gmail.com')

INSERT INTO KHACHHANG (TENKH, DIACHI, DIENTHOAI, EMAIL)
VALUES (N'Phạm Thế Hữu', N'150 Nguyễn Kiệm', '01232199221', 'phamthehuu@gmail.com')

INSERT INTO KHACHHANG (TENKH, DIACHI, DIENTHOAI, EMAIL)
VALUES (N'Lê Hoài Nam', N'255 Nguyễn Đình Chiểu', '01632238698', 'lehoainam@gmail.com')

INSERT INTO KHACHHANG (TENKH, DIACHI, DIENTHOAI, EMAIL)
VALUES (N'Nguyễn Nhật Thuận', N'232 Điện Biên Phủ', '0902486799', 'nguyennhatthuan@gmail.com')

INSERT INTO KHACHHANG (TENKH, DIACHI, DIENTHOAI, EMAIL)
VALUES (N'Nguyễn Văn Hoàng', N'323 Võ Văn Kiệt', '0902358779', 'nguyenvanhoang@gmail.com')

INSERT INTO KHACHHANG (TENKH, DIACHI, DIENTHOAI, EMAIL)
VALUES (N'Nguyễn Tiến Quang', N'1256 Điện Biên Phủ', '0902256989', 'nguyentienquan@gmail.com')

INSERT INTO KHACHHANG (TENKH, DIACHI, DIENTHOAI, EMAIL)
VALUES (N'Nguyễn Thi Tuong Vi', N'129 Võ Thị Sáu', '0989956779', 'nguyenthituongvi@gmail.com')

INSERT INTO KHACHHANG (TENKH, DIACHI, DIENTHOAI, EMAIL)
VALUES (N'Lê Thanh Đạt', N'05 Nguyễn Xí', '0903336726', 'lethanhdat@gmail.com')

INSERT INTO KHACHHANG (TENKH, DIACHI, DIENTHOAI, EMAIL)
VALUES (N'Nguyễn Anh Hào', N'325 Đinh Bộ Lĩnh', '0949966679', 'nguyenanhhao@gmail.com')

INSERT INTO KHACHHANG (TENKH, DIACHI, DIENTHOAI, EMAIL)
VALUES (N'Lý Đức Chính', N'Biên Hòa, Đồng Nai', '0123776889', 'lyducchinh@gmail.com')

INSERT INTO KHACHHANG (TENKH, DIACHI, DIENTHOAI, EMAIL)
VALUES (N'Võ Phạm Việt', N'KTX Khu B DHQG', '01682235623', 'vophamviet@gmail.com')

INSERT INTO KHACHHANG (TENKH, DIACHI, DIENTHOAI, EMAIL)
VALUES (N'Nguyễn Kim Khôi', N'Dĩ An, Bình Dương', '0981006779', 'nguyenkimkhoi@gmail.com')

INSERT INTO KHACHHANG (TENKH, DIACHI, DIENTHOAI, EMAIL)
VALUES (N'Nguyễn Công Phượng', N'189 Nguyễn Văn Linh', '0902555799', 'nguyencongphuong@gmail.com')

INSERT INTO KHACHHANG (TENKH, DIACHI, DIENTHOAI, EMAIL)
VALUES (N'Phan Thành', N'246 Nguyễn Thị Minh Khai', '0909996999', 'phanthanh@gmail.com')

INSERT INTO KHACHHANG (TENKH, DIACHI, DIENTHOAI, EMAIL)
VALUES (N'Nguyễn Quốc Cường', N'TP Pleiku, Gia Lai', '0123456789', 'nguyenquoccuong@gmail.com')

INSERT INTO KHACHHANG (TENKH, DIACHI, DIENTHOAI, EMAIL)
VALUES (N'Phạm Trần Nhật Minh', N'134 Nam Kỳ Khởi Nghĩa', '0907756777', 'phamtrannhatminh@gmail.com')

--Insert dữ liệu xe
INSERT INTO dbo.XE (BIENSO, MAKH, HIEUXE ) VALUES ('59G1 9999', 1, 'Toyota')

INSERT INTO dbo.XE (BIENSO, MAKH, HIEUXE ) VALUES ('60F1 34820', 2, 'Audi')

INSERT INTO dbo.XE (BIENSO, MAKH, HIEUXE ) VALUES ('81H1 7777', 3, 'Ferrari')

INSERT INTO dbo.XE (BIENSO, MAKH, HIEUXE ) VALUES ('52B9 9999', 4, 'Lexus')

INSERT INTO dbo.XE (BIENSO, MAKH, HIEUXE ) VALUES ('53H1 7695', 5, 'Toyota')

INSERT INTO dbo.XE (BIENSO, MAKH, HIEUXE ) VALUES ('55G1 1234', 6, 'Ford')

INSERT INTO dbo.XE (BIENSO, MAKH, HIEUXE ) VALUES ('52G1 31455', 7, 'Subaru')

INSERT INTO dbo.XE (BIENSO, MAKH, HIEUXE ) VALUES ('93F1 7895', 8, 'BMW')

INSERT INTO dbo.XE (BIENSO, MAKH, HIEUXE ) VALUES ('51L1 42378', 9, 'Mitsubisi')

INSERT INTO dbo.XE (BIENSO, MAKH, HIEUXE ) VALUES ('59G1 1568', 10, 'Chevrolet')

INSERT INTO dbo.XE (BIENSO, MAKH, HIEUXE ) VALUES ('52H1 3452', 11, 'Volkswagen')

INSERT INTO dbo.XE (BIENSO, MAKH, HIEUXE ) VALUES ('56V1 2399', 12, 'Porsche')

INSERT INTO dbo.XE (BIENSO, MAKH, HIEUXE ) VALUES ('61G1 5699', 13, 'Bentley')

INSERT INTO dbo.XE (BIENSO, MAKH, HIEUXE ) VALUES ('54G1 9899', 14, 'Ford')

INSERT INTO dbo.XE (BIENSO, MAKH, HIEUXE ) VALUES ('56F1 7799', 15, 'Toyota')

INSERT INTO dbo.XE (BIENSO, MAKH, HIEUXE ) VALUES ('66E1 33401', 16, 'Honda')

INSERT INTO dbo.XE (BIENSO, MAKH, HIEUXE ) VALUES ('65M1 9914', 17, 'Audi')

INSERT INTO dbo.XE (BIENSO, MAKH, HIEUXE ) VALUES ('93X1 9569', 17, 'BMW')

INSERT INTO dbo.XE (BIENSO, MAKH, HIEUXE ) VALUES ('29P1 1234', 18, 'McLaren')

INSERT INTO dbo.XE (BIENSO, MAKH, HIEUXE ) VALUES ('72G1 8888', 18, 'Toyota')

INSERT INTO dbo.XE (BIENSO, MAKH, HIEUXE ) VALUES ('56L1 4568', 19, 'Mercedes Benz')

INSERT INTO dbo.XE (BIENSO, MAKH, HIEUXE ) VALUES ('59L1 9485', 19, 'Mercedes Benz')

INSERT INTO dbo.XE (BIENSO, MAKH, HIEUXE ) VALUES ('76G1 7288', 20, 'Kia Morning')

INSERT INTO dbo.XE (BIENSO, MAKH, HIEUXE ) VALUES ('75C1 14562', 20, 'Nissan')

INSERT INTO dbo.XE (BIENSO, MAKH, HIEUXE ) VALUES ('71E1 43256', 20, 'Mercedes')

INSERT INTO dbo.XE (BIENSO, MAKH, HIEUXE ) VALUES ('76H1 23145', 20, 'Aston Martin')

INSERT INTO dbo.XE (BIENSO, MAKH, HIEUXE ) VALUES ('18X1 46645', 21, 'Suzuki')

INSERT INTO dbo.XE (BIENSO, MAKH, HIEUXE ) VALUES ('37M1 48648', 21, 'Isuzu')

INSERT INTO dbo.XE (BIENSO, MAKH, HIEUXE ) VALUES ('36C1 22241', 21, 'Jaguar')

INSERT INTO dbo.XE (BIENSO, MAKH, HIEUXE ) VALUES ('20L1 12689', 22, 'Tesla')

INSERT INTO dbo.XE (BIENSO, MAKH, HIEUXE ) VALUES ('24H1 1564', 22, 'Rolls Royce')

INSERT INTO dbo.XE (BIENSO, MAKH, HIEUXE ) VALUES ('71H1 1564', 22, 'Cadillac')

INSERT INTO dbo.XE (BIENSO, MAKH, HIEUXE ) VALUES ('65H1 2264', 22, 'Bugatti')



--Insert dữ liệu phụ tùng 
INSERT INTO PHUTUNG (MAPHUTUNG, TENPHUTUNG, DONGIA, SLTON) VALUES ('-', N'-', 0, 0)
INSERT INTO PHUTUNG (MAPHUTUNG, TENPHUTUNG, DONGIA, SLTON) VALUES ('PT001', N'Lọc gió', 1200000, 100)
INSERT INTO PHUTUNG (MAPHUTUNG, TENPHUTUNG, DONGIA, SLTON) VALUES ('PT002', N'Lọc nhiên liệu', 171000, 50)
INSERT INTO PHUTUNG (MAPHUTUNG, TENPHUTUNG, DONGIA, SLTON) VALUES ('PT003', N'Phuộc trước toyota innova', 1200000, 75)
INSERT INTO PHUTUNG (MAPHUTUNG, TENPHUTUNG, DONGIA, SLTON) VALUES ('PT004', N'Máy phát điện toyota innova', 7300000, 20)
INSERT INTO PHUTUNG (MAPHUTUNG, TENPHUTUNG, DONGIA, SLTON) VALUES ('PT005', N'Lốc lạnh toyota innova tháo xe', 4500000, 30)
INSERT INTO PHUTUNG (MAPHUTUNG, TENPHUTUNG, DONGIA, SLTON) VALUES ('PT006', N'Mâm ép toyota innova chính hãng', 200000, 80)
INSERT INTO PHUTUNG (MAPHUTUNG, TENPHUTUNG, DONGIA, SLTON) VALUES ('PT007', N'Bố thắng trước innova chính hãng', 130000, 40)
INSERT INTO PHUTUNG (MAPHUTUNG, TENPHUTUNG, DONGIA, SLTON) VALUES ('PT008', N'Đuôi cá HONDA CIVIC', 2200000, 10)
INSERT INTO PHUTUNG (MAPHUTUNG, TENPHUTUNG, DONGIA, SLTON) VALUES ('PT009', N'Sét gạt mưa HONDA CIVIC 2.0i size 26″X22″', 460000, 20)
INSERT INTO PHUTUNG (MAPHUTUNG, TENPHUTUNG, DONGIA, SLTON) VALUES ('PT010', N'Lọc gió động cơ Honda Civic 1.8', 2600000, 10)
INSERT INTO PHUTUNG (MAPHUTUNG, TENPHUTUNG, DONGIA, SLTON) VALUES ('PT011', N'Láp ngang cầu sau', 7100000, 100)
INSERT INTO PHUTUNG (MAPHUTUNG, TENPHUTUNG, DONGIA, SLTON) VALUES ('PT012', N'Láp dọc đồng bộ', 20500000, 10)
INSERT INTO PHUTUNG (MAPHUTUNG, TENPHUTUNG, DONGIA, SLTON) VALUES ('PT013', N'Cao su chân máy trước', 900000, 20)
INSERT INTO PHUTUNG (MAPHUTUNG, TENPHUTUNG, DONGIA, SLTON) VALUES ('PT014', N'Mêm ép', 6900000, 20)
INSERT INTO PHUTUNG (MAPHUTUNG, TENPHUTUNG, DONGIA, SLTON) VALUES ('PT015', N'Búp sen thắng sau', 700000, 30)




--Insert dữ liệu công việc
INSERT INTO CONGVIEC (MACONGVIEC, NOIDUNG, TIENCONG) VALUES ('CV001', N'Công thay dầu máy', 50000)
INSERT INTO CONGVIEC (MACONGVIEC, NOIDUNG, TIENCONG) VALUES ('CV002', N'Công thay lọc dầu', 50000)
INSERT INTO CONGVIEC (MACONGVIEC, NOIDUNG, TIENCONG) VALUES ('CV003', N'Công thay lọc dầu', 50000)
INSERT INTO CONGVIEC (MACONGVIEC, NOIDUNG, TIENCONG) VALUES ('CV004', N'Công ép bi', 80000)
INSERT INTO CONGVIEC (MACONGVIEC, NOIDUNG, TIENCONG) VALUES ('CV005', N'Công thay thế tháo lắp phụ tùng', 200000)
INSERT INTO CONGVIEC (MACONGVIEC, NOIDUNG, TIENCONG) VALUES ('CV006', N'Bi lốc điều hòa', 250000)
INSERT INTO CONGVIEC (MACONGVIEC, NOIDUNG, TIENCONG) VALUES ('CV007', N'Dầu tổng hợp toàn phần idemisu', 300000)
INSERT INTO CONGVIEC (MACONGVIEC, NOIDUNG, TIENCONG) VALUES ('CV008', N'Lọc dầu giấy', 220000)
INSERT INTO CONGVIEC (MACONGVIEC, NOIDUNG, TIENCONG) VALUES ('CV009', N'Vệ sinh,làm sạch bảo dưỡng máy', 600000)
INSERT INTO CONGVIEC (MACONGVIEC, NOIDUNG, TIENCONG) VALUES ('CV010', N'Nắp bình nước phụ', 2500000)
INSERT INTO CONGVIEC (MACONGVIEC, NOIDUNG, TIENCONG) VALUES ('CV011', N'Đánh bóng cả xe + phủ polyme + tẩy mốc kính', 2000000)
INSERT INTO CONGVIEC (MACONGVIEC, NOIDUNG, TIENCONG) VALUES ('CV012', N'Gò nắn+ sơn cửa trước phải', 900000)
INSERT INTO CONGVIEC (MACONGVIEC, NOIDUNG, TIENCONG) VALUES ('CV013', N'Sơn cửa sau trái', 900000)
INSERT INTO CONGVIEC (MACONGVIEC, NOIDUNG, TIENCONG) VALUES ('CV014', N'Sơn ba bu lê phải', 500000)
INSERT INTO CONGVIEC (MACONGVIEC, NOIDUNG, TIENCONG) VALUES ('CV015', N'Sơn vá hông phải', 400000)
INSERT INTO CONGVIEC (MACONGVIEC, NOIDUNG, TIENCONG) VALUES ('CV016', N'Gò nắn sườn hông phải', 300000)
INSERT INTO CONGVIEC (MACONGVIEC, NOIDUNG, TIENCONG) VALUES ('CV017', N'Gò nắn ba bu lê phải', 200000)
INSERT INTO CONGVIEC (MACONGVIEC, NOIDUNG, TIENCONG) VALUES ('CV018', N'Gò nắn cửa sau phải', 300000)
INSERT INTO CONGVIEC (MACONGVIEC, NOIDUNG, TIENCONG) VALUES ('CV019', N'Sơn cửa sau phải ( sơn vào mép trong cánh cửa xe)', 1100000)
INSERT INTO CONGVIEC (MACONGVIEC, NOIDUNG, TIENCONG) VALUES ('CV020', N'Dầu hộp số tự động', 200000)

INSERT INTO CONGVIEC (MACONGVIEC, NOIDUNG, TIENCONG) VALUES ('CV021', N'Làm sạch bề mặt', 300000)
INSERT INTO CONGVIEC (MACONGVIEC, NOIDUNG, TIENCONG) VALUES ('CV022', N'Dầu phanh DOT 3', 150000)
INSERT INTO CONGVIEC (MACONGVIEC, NOIDUNG, TIENCONG) VALUES ('CV023', N'Giặt phơi nội thất', 1500000)
INSERT INTO CONGVIEC (MACONGVIEC, NOIDUNG, TIENCONG) VALUES ('CV024', N'Xi lanh phanh sau', 420000)

--insert dữ liệu phiếu nhận
--BIENSO phải có trong bảng XE, định dạng ngày tháng là yyyy/mm/dd
--Phiếu nhận năm 2016
INSERT INTO PHIEUNHAN (BIENSO, NGAYNHAN) VALUES ('60F1 34820','2016/01/01')
INSERT INTO PHIEUNHAN (BIENSO, NGAYNHAN) VALUES ('81H1 7777','2016/02/03')
INSERT INTO PHIEUNHAN (BIENSO, NGAYNHAN) VALUES ('59G1 9999','2016/02/28')
INSERT INTO PHIEUNHAN (BIENSO, NGAYNHAN) VALUES ('65M1 9914','2016/03/05')
INSERT INTO PHIEUNHAN (BIENSO, NGAYNHAN) VALUES ('56F1 7799','2016/03/30')
INSERT INTO PHIEUNHAN (BIENSO, NGAYNHAN) VALUES ('93X1 9569','2016/04/09')
INSERT INTO PHIEUNHAN (BIENSO, NGAYNHAN) VALUES ('29P1 1234','2016/04/20')
INSERT INTO PHIEUNHAN (BIENSO, NGAYNHAN) VALUES ('66E1 33401','2016/05/15')
INSERT INTO PHIEUNHAN (BIENSO, NGAYNHAN) VALUES ('55G1 1234','2016/05/29')
INSERT INTO PHIEUNHAN (BIENSO, NGAYNHAN) VALUES ('56L1 4568','2016/06/25')
INSERT INTO PHIEUNHAN (BIENSO, NGAYNHAN) VALUES ('52H1 3452','2016/06/28')
INSERT INTO PHIEUNHAN (BIENSO, NGAYNHAN) VALUES ('51L1 42378','2016/07/22')
INSERT INTO PHIEUNHAN (BIENSO, NGAYNHAN) VALUES ('72G1 8888','2016/08/22')
INSERT INTO PHIEUNHAN (BIENSO, NGAYNHAN) VALUES ('60F1 34820','2016/08/22')
INSERT INTO PHIEUNHAN (BIENSO, NGAYNHAN) VALUES ('52B9 9999','2016/09/15')
INSERT INTO PHIEUNHAN (BIENSO, NGAYNHAN) VALUES ('52G1 31455','2016/10/05')
INSERT INTO PHIEUNHAN (BIENSO, NGAYNHAN) VALUES ('65H1 2264','2016/11/16')
INSERT INTO PHIEUNHAN (BIENSO, NGAYNHAN) VALUES ('71H1 1564','2016/11/21')
INSERT INTO PHIEUNHAN (BIENSO, NGAYNHAN) VALUES ('20L1 12689','2016/12/19')
INSERT INTO PHIEUNHAN (BIENSO, NGAYNHAN) VALUES ('18X1 46645','2016/12/20')

--Phiếu nhận năm 2017
INSERT INTO PHIEUNHAN (BIENSO, NGAYNHAN) VALUES ('59G1 9999','2017/01/01')
INSERT INTO PHIEUNHAN (BIENSO, NGAYNHAN) VALUES ('66E1 33401','2017/02/10')
INSERT INTO PHIEUNHAN (BIENSO, NGAYNHAN) VALUES ('52G1 31455','2017/02/16')
INSERT INTO PHIEUNHAN (BIENSO, NGAYNHAN) VALUES ('52G1 31455','2017/03/05')
INSERT INTO PHIEUNHAN (BIENSO, NGAYNHAN) VALUES ('52G1 31455','2017/03/08')
INSERT INTO PHIEUNHAN (BIENSO, NGAYNHAN) VALUES ('20L1 12689','2017/04/25')
INSERT INTO PHIEUNHAN (BIENSO, NGAYNHAN) VALUES ('37M1 48648','2017/04/28')
INSERT INTO PHIEUNHAN (BIENSO, NGAYNHAN) VALUES ('18X1 46645','2017/05/17')
INSERT INTO PHIEUNHAN (BIENSO, NGAYNHAN) VALUES ('66E1 33401','2017/05/18')
INSERT INTO PHIEUNHAN (BIENSO, NGAYNHAN) VALUES ('55G1 1234','2017/06/30')
INSERT INTO PHIEUNHAN (BIENSO, NGAYNHAN) VALUES ('65H1 2264','2017/06/30')
INSERT INTO PHIEUNHAN (BIENSO, NGAYNHAN) VALUES ('29P1 1234','2017/07/14')
INSERT INTO PHIEUNHAN (BIENSO, NGAYNHAN) VALUES ('81H1 7777','2017/07/20')
INSERT INTO PHIEUNHAN (BIENSO, NGAYNHAN) VALUES ('56L1 4568','2017/08/27')
INSERT INTO PHIEUNHAN (BIENSO, NGAYNHAN) VALUES ('71H1 1564','2017/09/12')
INSERT INTO PHIEUNHAN (BIENSO, NGAYNHAN) VALUES ('20L1 12689','2017/10/01')
INSERT INTO PHIEUNHAN (BIENSO, NGAYNHAN) VALUES ('52H1 3452','2017/11/21')
INSERT INTO PHIEUNHAN (BIENSO, NGAYNHAN) VALUES ('75C1 14562','2017/11/26')
INSERT INTO PHIEUNHAN (BIENSO, NGAYNHAN) VALUES ('65M1 9914','2017/12/14')
INSERT INTO PHIEUNHAN (BIENSO, NGAYNHAN) VALUES ('60F1 34820','2017/12/30')

--Phiếu nhận năm 2018
INSERT INTO PHIEUNHAN (BIENSO, NGAYNHAN) VALUES ('81H1 7777','2018/01/01')
INSERT INTO PHIEUNHAN (BIENSO, NGAYNHAN) VALUES ('18X1 46645','2018/02/07')
INSERT INTO PHIEUNHAN (BIENSO, NGAYNHAN) VALUES ('75C1 14562','2018/02/11')
INSERT INTO PHIEUNHAN (BIENSO, NGAYNHAN) VALUES ('20L1 12689','2018/03/07')
INSERT INTO PHIEUNHAN (BIENSO, NGAYNHAN) VALUES ('71H1 1564','2018/03/13')
INSERT INTO PHIEUNHAN (BIENSO, NGAYNHAN) VALUES ('56L1 4568','2018/04/03')
INSERT INTO PHIEUNHAN (BIENSO, NGAYNHAN) VALUES ('60F1 34820','2018/04/14')
INSERT INTO PHIEUNHAN (BIENSO, NGAYNHAN) VALUES ('66E1 33401','2018/05/15')
INSERT INTO PHIEUNHAN (BIENSO, NGAYNHAN) VALUES ('71E1 43256','2018/06/18')
INSERT INTO PHIEUNHAN (BIENSO, NGAYNHAN) VALUES ('37M1 48648','2018/06/27')

--insert dữ liệu phiếu sửa chữa
--Biển số phải có trong bảng XE, định dạng ngày tháng là yyyy/mm/dd
--Phiếu sửa 2016
--Đây là phiếu sửa có MAPHIEUSUA là 1
INSERT INTO PHIEUSUACHUA (BIENSO, NGAYSUA, TINHTRANG) VALUES ('60F1 34820', '2016/01/02', N'Đã thanh toán')
INSERT INTO PHIEUSUACHUA (BIENSO, NGAYSUA, TINHTRANG) VALUES ('81H1 7777', '2016/02/04', N'Đã thanh toán')
INSERT INTO PHIEUSUACHUA (BIENSO, NGAYSUA, TINHTRANG) VALUES ('59G1 9999','2016/02/28', N'Đã thanh toán')
INSERT INTO PHIEUSUACHUA (BIENSO, NGAYSUA, TINHTRANG) VALUES ('65M1 9914','2016/03/07', N'Đã thanh toán')
INSERT INTO PHIEUSUACHUA (BIENSO, NGAYSUA, TINHTRANG) VALUES ('56F1 7799','2016/03/31', N'Đã thanh toán')
INSERT INTO PHIEUSUACHUA (BIENSO, NGAYSUA, TINHTRANG) VALUES ('93X1 9569','2016/04/10', N'Đã thanh toán')
INSERT INTO PHIEUSUACHUA (BIENSO, NGAYSUA, TINHTRANG) VALUES ('29P1 1234','2016/04/20', N'Đã thanh toán')
INSERT INTO PHIEUSUACHUA (BIENSO, NGAYSUA, TINHTRANG) VALUES ('66E1 33401','2016/05/18', N'Đã thanh toán')
INSERT INTO PHIEUSUACHUA (BIENSO, NGAYSUA, TINHTRANG) VALUES ('55G1 1234','2016/05/29', N'Đã thanh toán')
INSERT INTO PHIEUSUACHUA (BIENSO, NGAYSUA, TINHTRANG) VALUES ('56L1 4568','2016/06/26', N'Đã thanh toán')
INSERT INTO PHIEUSUACHUA (BIENSO, NGAYSUA, TINHTRANG) VALUES ('52H1 3452','2016/06/28', N'Đã thanh toán')
INSERT INTO PHIEUSUACHUA (BIENSO, NGAYSUA, TINHTRANG) VALUES ('51L1 42378','2016/07/23', N'Đã thanh toán')
INSERT INTO PHIEUSUACHUA (BIENSO, NGAYSUA, TINHTRANG) VALUES ('72G1 8888','2016/08/23', N'Đã thanh toán')
INSERT INTO PHIEUSUACHUA (BIENSO, NGAYSUA, TINHTRANG) VALUES ('60F1 34820','2016/08/24', N'Đã thanh toán')
INSERT INTO PHIEUSUACHUA (BIENSO, NGAYSUA, TINHTRANG) VALUES ('52B9 9999','2016/09/20', N'Đã thanh toán')
INSERT INTO PHIEUSUACHUA (BIENSO, NGAYSUA, TINHTRANG) VALUES ('52G1 31455','2016/10/05', N'Đã thanh toán')
INSERT INTO PHIEUSUACHUA (BIENSO, NGAYSUA, TINHTRANG) VALUES ('65H1 2264','2016/11/19', N'Đã thanh toán')
INSERT INTO PHIEUSUACHUA (BIENSO, NGAYSUA, TINHTRANG) VALUES ('71H1 1564','2016/11/23', N'Đã thanh toán')
INSERT INTO PHIEUSUACHUA (BIENSO, NGAYSUA, TINHTRANG) VALUES ('20L1 12689','2016/12/20', N'Đã thanh toán')
INSERT INTO PHIEUSUACHUA (BIENSO, NGAYSUA, TINHTRANG) VALUES ('18X1 46645','2016/12/24', N'Đã thanh toán')


--Phiếu sửa 2017
INSERT INTO PHIEUSUACHUA (BIENSO, NGAYSUA, TINHTRANG) VALUES ('59G1 9999', '2017/01/02', N'Đã thanh toán')
INSERT INTO PHIEUSUACHUA (BIENSO, NGAYSUA, TINHTRANG) VALUES ('66E1 33401','2017/02/12', N'Đã thanh toán')
INSERT INTO PHIEUSUACHUA (BIENSO, NGAYSUA, TINHTRANG) VALUES ('52G1 31455','2017/02/18', N'Đã thanh toán')
INSERT INTO PHIEUSUACHUA (BIENSO, NGAYSUA, TINHTRANG) VALUES ('52G1 31455','2017/03/06', N'Đã thanh toán')
INSERT INTO PHIEUSUACHUA (BIENSO, NGAYSUA, TINHTRANG) VALUES ('52G1 31455','2017/03/08', N'Đã thanh toán')
INSERT INTO PHIEUSUACHUA (BIENSO, NGAYSUA, TINHTRANG) VALUES ('20L1 12689','2017/04/25', N'Đã thanh toán')
INSERT INTO PHIEUSUACHUA (BIENSO, NGAYSUA, TINHTRANG) VALUES ('37M1 48648','2017/04/29', N'Đã thanh toán')
INSERT INTO PHIEUSUACHUA (BIENSO, NGAYSUA, TINHTRANG) VALUES ('18X1 46645','2017/05/19', N'Đã thanh toán')
INSERT INTO PHIEUSUACHUA (BIENSO, NGAYSUA, TINHTRANG) VALUES ('66E1 33401','2017/05/19', N'Đã thanh toán')
INSERT INTO PHIEUSUACHUA (BIENSO, NGAYSUA, TINHTRANG) VALUES ('55G1 1234','2017/06/30', N'Đã thanh toán')
INSERT INTO PHIEUSUACHUA (BIENSO, NGAYSUA, TINHTRANG) VALUES ('65H1 2264','2017/06/30', N'Đã thanh toán')
INSERT INTO PHIEUSUACHUA (BIENSO, NGAYSUA, TINHTRANG) VALUES ('29P1 1234','2017/07/15', N'Đã thanh toán')
INSERT INTO PHIEUSUACHUA (BIENSO, NGAYSUA, TINHTRANG) VALUES ('81H1 7777','2017/07/20', N'Đã thanh toán')
INSERT INTO PHIEUSUACHUA (BIENSO, NGAYSUA, TINHTRANG) VALUES ('56L1 4568','2017/08/28', N'Đã thanh toán')
INSERT INTO PHIEUSUACHUA (BIENSO, NGAYSUA, TINHTRANG) VALUES ('71H1 1564','2017/09/15', N'Đã thanh toán')
INSERT INTO PHIEUSUACHUA (BIENSO, NGAYSUA, TINHTRANG) VALUES ('20L1 12689','2017/10/05', N'Đã thanh toán')
INSERT INTO PHIEUSUACHUA (BIENSO, NGAYSUA, TINHTRANG) VALUES ('52H1 3452','2017/11/28', N'Đã thanh toán')
INSERT INTO PHIEUSUACHUA (BIENSO, NGAYSUA, TINHTRANG) VALUES ('75C1 14562','2017/11/29', N'Đã thanh toán')
INSERT INTO PHIEUSUACHUA (BIENSO, NGAYSUA, TINHTRANG) VALUES ('65M1 9914','2017/12/15', N'Đã thanh toán')
INSERT INTO PHIEUSUACHUA (BIENSO, NGAYSUA, TINHTRANG) VALUES ('60F1 34820','2017/12/31', N'Đã thanh toán')



--Phiếu sửa 2018
INSERT INTO PHIEUSUACHUA (BIENSO, NGAYSUA, TINHTRANG) VALUES ('81H1 7777', '2018/01/02', N'Đã thanh toán')
INSERT INTO PHIEUSUACHUA (BIENSO, NGAYSUA, TINHTRANG) VALUES ('18X1 46645','2018/02/08', N'Đã thanh toán')
INSERT INTO PHIEUSUACHUA (BIENSO, NGAYSUA, TINHTRANG) VALUES ('75C1 14562','2018/02/12', N'Đã thanh toán')
INSERT INTO PHIEUSUACHUA (BIENSO, NGAYSUA, TINHTRANG) VALUES ('20L1 12689','2018/03/08', N'Đã thanh toán')
INSERT INTO PHIEUSUACHUA (BIENSO, NGAYSUA, TINHTRANG) VALUES ('71H1 1564','2018/03/15', N'Đã thanh toán')
INSERT INTO PHIEUSUACHUA (BIENSO, NGAYSUA, TINHTRANG) VALUES ('56L1 4568','2018/04/03', N'Đã thanh toán')
INSERT INTO PHIEUSUACHUA (BIENSO, NGAYSUA, TINHTRANG) VALUES ('60F1 34820','2018/04/15', N'Đã thanh toán')
INSERT INTO PHIEUSUACHUA (BIENSO, NGAYSUA, TINHTRANG) VALUES ('66E1 33401','2018/05/20', N'Đã thanh toán')
INSERT INTO PHIEUSUACHUA (BIENSO, NGAYSUA, TINHTRANG) VALUES ('71E1 43256','2018/06/19', N'Đã thanh toán')
INSERT INTO PHIEUSUACHUA (BIENSO, NGAYSUA, TINHTRANG) VALUES ('37M1 48648','2018/06/28', N'Đã thanh toán')


--insert dữ liệu chi tiết phiếu sửa
--MAPHIEUSUA phải có trong PHIEUSUACHUA, MAPHUTUNG phải có trong PHUTUNG, MACONGVIEC phải có trong CONGVIEC
INSERT INTO CT_PHIEUSUA (MAPHIEUSUA, MACONGVIEC, MAPHUTUNG, SL_PHUTUNG) VALUES (1, 'CV001', 'PT001', 2)
INSERT INTO CT_PHIEUSUA (MAPHIEUSUA, MACONGVIEC, MAPHUTUNG, SL_PHUTUNG) VALUES (2, 'CV002', 'PT002', 1)
INSERT INTO CT_PHIEUSUA (MAPHIEUSUA, MACONGVIEC, MAPHUTUNG, SL_PHUTUNG) VALUES (3, 'CV010', 'PT004', 1)
INSERT INTO CT_PHIEUSUA (MAPHIEUSUA, MACONGVIEC, MAPHUTUNG, SL_PHUTUNG) VALUES (4, 'CV020', 'PT008', 1)
INSERT INTO CT_PHIEUSUA (MAPHIEUSUA, MACONGVIEC, MAPHUTUNG, SL_PHUTUNG) VALUES (5, 'CV021', 'PT009', 1)
INSERT INTO CT_PHIEUSUA (MAPHIEUSUA, MACONGVIEC, MAPHUTUNG, SL_PHUTUNG) VALUES (6, 'CV024', 'PT010', 2)
INSERT INTO CT_PHIEUSUA (MAPHIEUSUA, MACONGVIEC, MAPHUTUNG, SL_PHUTUNG) VALUES (7, 'CV015', 'PT013', 1)
INSERT INTO CT_PHIEUSUA (MAPHIEUSUA, MACONGVIEC, MAPHUTUNG, SL_PHUTUNG) VALUES (8, 'CV017', 'PT012', 1)
INSERT INTO CT_PHIEUSUA (MAPHIEUSUA, MACONGVIEC, MAPHUTUNG, SL_PHUTUNG) VALUES (9, 'CV003', 'PT014', 1)
INSERT INTO CT_PHIEUSUA (MAPHIEUSUA, MACONGVIEC, MAPHUTUNG, SL_PHUTUNG) VALUES (10, 'CV006', 'PT001', 1)
INSERT INTO CT_PHIEUSUA (MAPHIEUSUA, MACONGVIEC, MAPHUTUNG, SL_PHUTUNG) VALUES (11, 'CV008', 'PT005', 1)
INSERT INTO CT_PHIEUSUA (MAPHIEUSUA, MACONGVIEC, MAPHUTUNG, SL_PHUTUNG) VALUES (12, 'CV009', 'PT004', 1)
INSERT INTO CT_PHIEUSUA (MAPHIEUSUA, MACONGVIEC, MAPHUTUNG, SL_PHUTUNG) VALUES (13, 'CV012', 'PT003', 1)
INSERT INTO CT_PHIEUSUA (MAPHIEUSUA, MACONGVIEC, MAPHUTUNG, SL_PHUTUNG) VALUES (14, 'CV019', 'PT002', 2)
INSERT INTO CT_PHIEUSUA (MAPHIEUSUA, MACONGVIEC, MAPHUTUNG, SL_PHUTUNG) VALUES (15, 'CV023', 'PT001', 1)
INSERT INTO CT_PHIEUSUA (MAPHIEUSUA, MACONGVIEC, MAPHUTUNG, SL_PHUTUNG) VALUES (16, 'CV021', 'PT007', 1)
INSERT INTO CT_PHIEUSUA (MAPHIEUSUA, MACONGVIEC, MAPHUTUNG, SL_PHUTUNG) VALUES (17, 'CV015', 'PT009', 1)
INSERT INTO CT_PHIEUSUA (MAPHIEUSUA, MACONGVIEC, MAPHUTUNG, SL_PHUTUNG) VALUES (18, 'CV017', 'PT010', 1)
INSERT INTO CT_PHIEUSUA (MAPHIEUSUA, MACONGVIEC, MAPHUTUNG, SL_PHUTUNG) VALUES (19, 'CV011', 'PT011', 1)
INSERT INTO CT_PHIEUSUA (MAPHIEUSUA, MACONGVIEC, MAPHUTUNG, SL_PHUTUNG) VALUES (20, 'CV010', 'PT015', 1)
INSERT INTO CT_PHIEUSUA (MAPHIEUSUA, MACONGVIEC, MAPHUTUNG, SL_PHUTUNG) VALUES (21, 'CV009', 'PT014', 1)
INSERT INTO CT_PHIEUSUA (MAPHIEUSUA, MACONGVIEC, MAPHUTUNG, SL_PHUTUNG) VALUES (22, 'CV008', 'PT013', 1)
INSERT INTO CT_PHIEUSUA (MAPHIEUSUA, MACONGVIEC, MAPHUTUNG, SL_PHUTUNG) VALUES (23, 'CV001', 'PT012', 1)
INSERT INTO CT_PHIEUSUA (MAPHIEUSUA, MACONGVIEC, MAPHUTUNG, SL_PHUTUNG) VALUES (24, 'CV002', 'PT008', 2)
INSERT INTO CT_PHIEUSUA (MAPHIEUSUA, MACONGVIEC, MAPHUTUNG, SL_PHUTUNG) VALUES (25, 'CV006', 'PT004', 2)
INSERT INTO CT_PHIEUSUA (MAPHIEUSUA, MACONGVIEC, MAPHUTUNG, SL_PHUTUNG) VALUES (26, 'CV005', 'PT003', 1)
INSERT INTO CT_PHIEUSUA (MAPHIEUSUA, MACONGVIEC, MAPHUTUNG, SL_PHUTUNG) VALUES (27, 'CV011', 'PT001', 2)
INSERT INTO CT_PHIEUSUA (MAPHIEUSUA, MACONGVIEC, MAPHUTUNG, SL_PHUTUNG) VALUES (28, 'CV013', 'PT005', 1)
INSERT INTO CT_PHIEUSUA (MAPHIEUSUA, MACONGVIEC, MAPHUTUNG, SL_PHUTUNG) VALUES (29, 'CV013', 'PT006', 2)
INSERT INTO CT_PHIEUSUA (MAPHIEUSUA, MACONGVIEC, MAPHUTUNG, SL_PHUTUNG) VALUES (30, 'CV014', 'PT008', 1)
INSERT INTO CT_PHIEUSUA (MAPHIEUSUA, MACONGVIEC, MAPHUTUNG, SL_PHUTUNG) VALUES (31, 'CV016', 'PT007', 2)
INSERT INTO CT_PHIEUSUA (MAPHIEUSUA, MACONGVIEC, MAPHUTUNG, SL_PHUTUNG) VALUES (32, 'CV018', 'PT002', 1)
INSERT INTO CT_PHIEUSUA (MAPHIEUSUA, MACONGVIEC, MAPHUTUNG, SL_PHUTUNG) VALUES (33, 'CV019', 'PT009', 2)
INSERT INTO CT_PHIEUSUA (MAPHIEUSUA, MACONGVIEC, MAPHUTUNG, SL_PHUTUNG) VALUES (34, 'CV024', 'PT007', 1)
INSERT INTO CT_PHIEUSUA (MAPHIEUSUA, MACONGVIEC, MAPHUTUNG, SL_PHUTUNG) VALUES (35, 'CV020', 'PT005', 1)
INSERT INTO CT_PHIEUSUA (MAPHIEUSUA, MACONGVIEC, MAPHUTUNG, SL_PHUTUNG) VALUES (36, 'CV021', 'PT004', 1)
INSERT INTO CT_PHIEUSUA (MAPHIEUSUA, MACONGVIEC, MAPHUTUNG, SL_PHUTUNG) VALUES (37, 'CV023', 'PT003', 1)
INSERT INTO CT_PHIEUSUA (MAPHIEUSUA, MACONGVIEC, MAPHUTUNG, SL_PHUTUNG) VALUES (38, 'CV022', 'PT001', 1)
INSERT INTO CT_PHIEUSUA (MAPHIEUSUA, MACONGVIEC, MAPHUTUNG, SL_PHUTUNG) VALUES (39, 'CV013', 'PT009', 1)
INSERT INTO CT_PHIEUSUA (MAPHIEUSUA, MACONGVIEC, MAPHUTUNG, SL_PHUTUNG) VALUES (40, 'CV014', 'PT012', 1)
INSERT INTO CT_PHIEUSUA (MAPHIEUSUA, MACONGVIEC, MAPHUTUNG, SL_PHUTUNG) VALUES (41, 'CV018', 'PT011', 1)
INSERT INTO CT_PHIEUSUA (MAPHIEUSUA, MACONGVIEC, MAPHUTUNG, SL_PHUTUNG) VALUES (42, 'CV019', 'PT015', 1)
INSERT INTO CT_PHIEUSUA (MAPHIEUSUA, MACONGVIEC, MAPHUTUNG, SL_PHUTUNG) VALUES (43, 'CV024', 'PT012', 1)
INSERT INTO CT_PHIEUSUA (MAPHIEUSUA, MACONGVIEC, MAPHUTUNG, SL_PHUTUNG) VALUES (44, 'CV023', 'PT002', 1)
INSERT INTO CT_PHIEUSUA (MAPHIEUSUA, MACONGVIEC, MAPHUTUNG, SL_PHUTUNG) VALUES (45, 'CV020', 'PT003', 1)
INSERT INTO CT_PHIEUSUA (MAPHIEUSUA, MACONGVIEC, MAPHUTUNG, SL_PHUTUNG) VALUES (46, 'CV019', 'PT001', 1)
INSERT INTO CT_PHIEUSUA (MAPHIEUSUA, MACONGVIEC, MAPHUTUNG, SL_PHUTUNG) VALUES (47, 'CV014', 'PT004', 1)
INSERT INTO CT_PHIEUSUA (MAPHIEUSUA, MACONGVIEC, MAPHUTUNG, SL_PHUTUNG) VALUES (48, 'CV015', 'PT006', 1)
INSERT INTO CT_PHIEUSUA (MAPHIEUSUA, MACONGVIEC, MAPHUTUNG, SL_PHUTUNG) VALUES (49, 'CV016', 'PT007', 1)
INSERT INTO CT_PHIEUSUA (MAPHIEUSUA, MACONGVIEC, MAPHUTUNG, SL_PHUTUNG) VALUES (50, 'CV015', 'PT009', 1)

--insert dữ liệu phiếu thu
--MAPHIEUTHU và MAPHIEUSUA như nhau, TIENTHU = đơn giá công việc + đơn giá phụ tùng * số lượng

--Phiếu 1: 2 chi tiết 
--Chi tiết 1: CV001 giá 50000, PT001 giá 1200000, số lượng 2 => thành tiền: 50000 + 1200000 * 2 = 2450000
--Chi tiết 2: CV002 giá 50000, PT002 giá 171000, số lượng 2 => thành tiền: 50000 + 171000 * 2 = 392000
--Tiền thu: 2450000 + 392000 = 2842000
INSERT INTO PHIEUTHU (MAPHIEUTHU, MAPHIEUSUA, NGAYTHU, TIENTHU) VALUES (1, 1, '2016/01/02', 2842000)
INSERT INTO PHIEUTHU (MAPHIEUTHU, MAPHIEUSUA, NGAYTHU, TIENTHU) VALUES (2, 2, '2016/02/05', 221000)
INSERT INTO PHIEUTHU (MAPHIEUTHU, MAPHIEUSUA, NGAYTHU, TIENTHU) VALUES (3, 3, '2016/02/28', 9800000)
INSERT INTO PHIEUTHU (MAPHIEUTHU, MAPHIEUSUA, NGAYTHU, TIENTHU) VALUES (4, 4, '2016/03/07', 2400000)
INSERT INTO PHIEUTHU (MAPHIEUTHU, MAPHIEUSUA, NGAYTHU, TIENTHU) VALUES (5, 5, '2016/03/31', 760000)
INSERT INTO PHIEUTHU (MAPHIEUTHU, MAPHIEUSUA, NGAYTHU, TIENTHU) VALUES (6, 6, '2016/04/11', 5620000)
INSERT INTO PHIEUTHU (MAPHIEUTHU, MAPHIEUSUA, NGAYTHU, TIENTHU) VALUES (7, 7, '2016/04/21', 1300000)
INSERT INTO PHIEUTHU (MAPHIEUTHU, MAPHIEUSUA, NGAYTHU, TIENTHU) VALUES (8, 8, '2016/05/18', 1100000)
INSERT INTO PHIEUTHU (MAPHIEUTHU, MAPHIEUSUA, NGAYTHU, TIENTHU) VALUES (9, 9, '2016/05/29', 6950000)
INSERT INTO PHIEUTHU (MAPHIEUTHU, MAPHIEUSUA, NGAYTHU, TIENTHU) VALUES (10, 10, '2016/06/27', 1450000)
INSERT INTO PHIEUTHU (MAPHIEUTHU, MAPHIEUSUA, NGAYTHU, TIENTHU) VALUES (11, 11, '2016/06/28', 4720000)
INSERT INTO PHIEUTHU (MAPHIEUTHU, MAPHIEUSUA, NGAYTHU, TIENTHU) VALUES (12, 12, '2016/07/24', 7900000)
INSERT INTO PHIEUTHU (MAPHIEUTHU, MAPHIEUSUA, NGAYTHU, TIENTHU) VALUES (13, 13, '2016/08/24', 2100000)
INSERT INTO PHIEUTHU (MAPHIEUTHU, MAPHIEUSUA, NGAYTHU, TIENTHU) VALUES (14, 14, '2016/08/24', 1271000)
INSERT INTO PHIEUTHU (MAPHIEUTHU, MAPHIEUSUA, NGAYTHU, TIENTHU) VALUES (15, 15, '2016/09/21', 2700000)
INSERT INTO PHIEUTHU (MAPHIEUTHU, MAPHIEUSUA, NGAYTHU, TIENTHU) VALUES (16, 16, '2016/10/05', 430000)
INSERT INTO PHIEUTHU (MAPHIEUTHU, MAPHIEUSUA, NGAYTHU, TIENTHU) VALUES (17, 17, '2016/11/20', 860000)
INSERT INTO PHIEUTHU (MAPHIEUTHU, MAPHIEUSUA, NGAYTHU, TIENTHU) VALUES (18, 18, '2016/11/24', 2800000)
INSERT INTO PHIEUTHU (MAPHIEUTHU, MAPHIEUSUA, NGAYTHU, TIENTHU) VALUES (19, 19, '2016/12/21', 9100000)
INSERT INTO PHIEUTHU (MAPHIEUTHU, MAPHIEUSUA, NGAYTHU, TIENTHU) VALUES (20, 20, '2016/12/24', 3200000)

INSERT INTO PHIEUTHU (MAPHIEUTHU, MAPHIEUSUA, NGAYTHU, TIENTHU) VALUES (21, 21, '2017/01/02', 7500000)
INSERT INTO PHIEUTHU (MAPHIEUTHU, MAPHIEUSUA, NGAYTHU, TIENTHU) VALUES (22, 22, '2017/02/12', 1120000)
INSERT INTO PHIEUTHU (MAPHIEUTHU, MAPHIEUSUA, NGAYTHU, TIENTHU) VALUES (23, 23, '2017/02/19', 20550000)
INSERT INTO PHIEUTHU (MAPHIEUTHU, MAPHIEUSUA, NGAYTHU, TIENTHU) VALUES (24, 24, '2017/03/06', 4450000)
INSERT INTO PHIEUTHU (MAPHIEUTHU, MAPHIEUSUA, NGAYTHU, TIENTHU) VALUES (25, 25, '2017/03/08', 14850000)
INSERT INTO PHIEUTHU (MAPHIEUTHU, MAPHIEUSUA, NGAYTHU, TIENTHU) VALUES (26, 26, '2017/04/25', 1400000)
INSERT INTO PHIEUTHU (MAPHIEUTHU, MAPHIEUSUA, NGAYTHU, TIENTHU) VALUES (27, 27, '2017/04/29', 4400000)
INSERT INTO PHIEUTHU (MAPHIEUTHU, MAPHIEUSUA, NGAYTHU, TIENTHU) VALUES (28, 28, '2017/05/20', 1300000)
INSERT INTO PHIEUTHU (MAPHIEUTHU, MAPHIEUSUA, NGAYTHU, TIENTHU) VALUES (29, 29, '2017/05/21', 2700000)
INSERT INTO PHIEUTHU (MAPHIEUTHU, MAPHIEUSUA, NGAYTHU, TIENTHU) VALUES (30, 30, '2017/06/30', 560000)
INSERT INTO PHIEUTHU (MAPHIEUTHU, MAPHIEUSUA, NGAYTHU, TIENTHU) VALUES (31, 31, '2017/06/30', 560000)
INSERT INTO PHIEUTHU (MAPHIEUTHU, MAPHIEUSUA, NGAYTHU, TIENTHU) VALUES (32, 32, '2017/07/16', 471000)
INSERT INTO PHIEUTHU (MAPHIEUTHU, MAPHIEUSUA, NGAYTHU, TIENTHU) VALUES (33, 33, '2017/07/22', 2020000)
INSERT INTO PHIEUTHU (MAPHIEUTHU, MAPHIEUSUA, NGAYTHU, TIENTHU) VALUES (34, 34, '2017/08/29', 550000)
INSERT INTO PHIEUTHU (MAPHIEUTHU, MAPHIEUSUA, NGAYTHU, TIENTHU) VALUES (35, 35, '2017/09/16', 4700000)
INSERT INTO PHIEUTHU (MAPHIEUTHU, MAPHIEUSUA, NGAYTHU, TIENTHU) VALUES (36, 36, '2017/10/08', 7600000)
INSERT INTO PHIEUTHU (MAPHIEUTHU, MAPHIEUSUA, NGAYTHU, TIENTHU) VALUES (37, 37, '2017/11/30', 2700000)
INSERT INTO PHIEUTHU (MAPHIEUTHU, MAPHIEUSUA, NGAYTHU, TIENTHU) VALUES (38, 38, '2017/11/30', 1350000)
INSERT INTO PHIEUTHU (MAPHIEUTHU, MAPHIEUSUA, NGAYTHU, TIENTHU) VALUES (39, 39, '2017/12/18', 1360000)
INSERT INTO PHIEUTHU (MAPHIEUTHU, MAPHIEUSUA, NGAYTHU, TIENTHU) VALUES (40, 40, '2017/12/31', 21000000)

INSERT INTO PHIEUTHU (MAPHIEUTHU, MAPHIEUSUA, NGAYTHU, TIENTHU) VALUES (41, 41, '2018/01/02', 7400000)
INSERT INTO PHIEUTHU (MAPHIEUTHU, MAPHIEUSUA, NGAYTHU, TIENTHU) VALUES (42, 42, '2018/02/09', 1800000)
INSERT INTO PHIEUTHU (MAPHIEUTHU, MAPHIEUSUA, NGAYTHU, TIENTHU) VALUES (43, 43, '2018/02/13', 20920000)
INSERT INTO PHIEUTHU (MAPHIEUTHU, MAPHIEUSUA, NGAYTHU, TIENTHU) VALUES (44, 44, '2018/03/10', 1671000)
INSERT INTO PHIEUTHU (MAPHIEUTHU, MAPHIEUSUA, NGAYTHU, TIENTHU) VALUES (45, 45, '2018/03/16', 1400000)
INSERT INTO PHIEUTHU (MAPHIEUTHU, MAPHIEUSUA, NGAYTHU, TIENTHU) VALUES (46, 46, '2018/04/04', 2300000)
INSERT INTO PHIEUTHU (MAPHIEUTHU, MAPHIEUSUA, NGAYTHU, TIENTHU) VALUES (47, 47, '2018/04/18', 7800000)
INSERT INTO PHIEUTHU (MAPHIEUTHU, MAPHIEUSUA, NGAYTHU, TIENTHU) VALUES (48, 48, '2018/05/22', 600000)
INSERT INTO PHIEUTHU (MAPHIEUTHU, MAPHIEUSUA, NGAYTHU, TIENTHU) VALUES (49, 49, '2018/06/20', 430000)
INSERT INTO PHIEUTHU (MAPHIEUTHU, MAPHIEUSUA, NGAYTHU, TIENTHU) VALUES (50, 50, '2018/06/28', 860000)




















 


